[
  {
    "added_at": "2022-12-23T05:00:00Z",
    "added_by": {
      "external_urls": {
        "spotify": "https://open.spotify.com/user/"
      },
      "href": "https://api.spotify.com/v1/users/",
      "id": "",
      "type": "user",
      "uri": "spotify:user:"
    },
    "is_local": false,
    "primary_color": null,
    "sharing_info": {
      "share_id": "9My46QoDTwKHFFLJOPdTOQ",
      "share_url": "https://open.spotify.com/track/2dHHgzDwk4BJdRwy9uXhTO?si=9My46QoDTwKHFFLJOPdTOQ",
      "uri": "spotify:track:2dHHgzDwk4BJdRwy9uXhTO"
    },
    "track": {
      "album": {
        "album_type": "album",
        "artists": [
          {
            "external_urls": {
              "spotify": "https://open.spotify.com/artist/0iEtIxbK0KxaSlF7G42ZOp"
            },
            "href": "https://api.spotify.com/v1/artists/0iEtIxbK0KxaSlF7G42ZOp",
            "id": "0iEtIxbK0KxaSlF7G42ZOp",
            "name": "Metro Boomin",
            "type": "artist",
            "uri": "spotify:artist:0iEtIxbK0KxaSlF7G42ZOp"
          }
        ],
        "external_urls": {
          "spotify": "https://open.spotify.com/album/7txGsnDSqVMoRl6RQ9XyZP"
        },
        "href": "https://api.spotify.com/v1/albums/7txGsnDSqVMoRl6RQ9XyZP",
        "id": "7txGsnDSqVMoRl6RQ9XyZP",
        "images": [
          {
            "height": 640,
            "url": "https://i.scdn.co/image/ab67616d0000b27313e54d6687e65678d60466c2",
            "width": 640
          },
          {
            "height": 300,
            "url": "https://i.scdn.co/image/ab67616d00001e0213e54d6687e65678d60466c2",
            "width": 300
          },
          {
            "height": 64,
            "url": "https://i.scdn.co/image/ab67616d0000485113e54d6687e65678d60466c2",
            "width": 64
          }
        ],
        "name": "HEROES & VILLAINS",
        "release_date": "2022-12-02",
        "release_date_precision": "day",
        "total_tracks": 15,
        "type": "album",
        "uri": "spotify:album:7txGsnDSqVMoRl6RQ9XyZP"
      },
      "artists": [
        {
          "external_urls": {
            "spotify": "https://open.spotify.com/artist/0iEtIxbK0KxaSlF7G42ZOp"
          },
          "href": "https://api.spotify.com/v1/artists/0iEtIxbK0KxaSlF7G42ZOp",
          "id": "0iEtIxbK0KxaSlF7G42ZOp",
          "name": "Metro Boomin",
          "type": "artist",
          "uri": "spotify:artist:0iEtIxbK0KxaSlF7G42ZOp"
        },
        {
          "external_urls": {
            "spotify": "https://open.spotify.com/artist/1Xyo4u8uXC1ZmMpatF05PJ"
          },
          "href": "https://api.spotify.com/v1/artists/1Xyo4u8uXC1ZmMpatF05PJ",
          "id": "1Xyo4u8uXC1ZmMpatF05PJ",
          "name": "The Weeknd",
          "type": "artist",
          "uri": "spotify:artist:1Xyo4u8uXC1ZmMpatF05PJ"
        },
        {
          "external_urls": {
            "spotify": "https://open.spotify.com/artist/1URnnhqYAYcrqrcwql10ft"
          },
          "href": "https://api.spotify.com/v1/artists/1URnnhqYAYcrqrcwql10ft",
          "id": "1URnnhqYAYcrqrcwql10ft",
          "name": "21 Savage",
          "type": "artist",
          "uri": "spotify:artist:1URnnhqYAYcrqrcwql10ft"
        }
      ],
      "disc_number": 1,
      "duration_ms": 221520,
      "episode": false,
      "explicit": true,
      "external_ids": {
        "isrc": "USUG12208791"
      },
      "external_urls": {
        "spotify": "https://open.spotify.com/track/2dHHgzDwk4BJdRwy9uXhTO"
      },
      "href": "https://api.spotify.com/v1/tracks/2dHHgzDwk4BJdRwy9uXhTO",
      "id": "2dHHgzDwk4BJdRwy9uXhTO",
      "is_local": false,
      "is_playable": true,
      "name": "Creepin' (with The Weeknd & 21 Savage)",
      "popularity": 93,
      "preview_url": "https://p.scdn.co/mp3-preview/550c53ffe16455f6481961ac109974d9e1135d79?cid=d8a5ed958d274c2e8ee717e6a4b0971d",
      "track": true,
      "track_number": 10,
      "type": "track",
      "uri": "spotify:track:2dHHgzDwk4BJdRwy9uXhTO"
    },
    "video_thumbnail": {
      "url": null
    }
  },
  {
    "added_at": "2022-12-23T05:00:00Z",
    "added_by": {
      "external_urls": {
        "spotify": "https://open.spotify.com/user/"
      },
      "href": "https://api.spotify.com/v1/users/",
      "id": "",
      "type": "user",
      "uri": "spotify:user:"
    },
    "is_local": false,
    "primary_color": null,
    "sharing_info": {
      "share_id": "HMrJ2FZzTsSMTjTJDqFQXQ",
      "share_url": "https://open.spotify.com/track/1Qrg8KqiBpW07V7PNxwwwL?si=HMrJ2FZzTsSMTjTJDqFQXQ",
      "uri": "spotify:track:1Qrg8KqiBpW07V7PNxwwwL"
    },
    "track": {
      "album": {
        "album_type": "album",
        "artists": [
          {
            "external_urls": {
              "spotify": "https://open.spotify.com/artist/7tYKF4w9nC0nq9CsPZTHyP"
            },
            "href": "https://api.spotify.com/v1/artists/7tYKF4w9nC0nq9CsPZTHyP",
            "id": "7tYKF4w9nC0nq9CsPZTHyP",
            "name": "SZA",
            "type": "artist",
            "uri": "spotify:artist:7tYKF4w9nC0nq9CsPZTHyP"
          }
        ],
        "external_urls": {
          "spotify": "https://open.spotify.com/album/1nrVofqDRs7cpWXJ49qTnP"
        },
        "href": "https://api.spotify.com/v1/albums/1nrVofqDRs7cpWXJ49qTnP",
        "id": "1nrVofqDRs7cpWXJ49qTnP",
        "images": [
          {
            "height": 640,
            "url": "https://i.scdn.co/image/ab67616d0000b2730c471c36970b9406233842a5",
            "width": 640
          },
          {
            "height": 300,
            "url": "https://i.scdn.co/image/ab67616d00001e020c471c36970b9406233842a5",
            "width": 300
          },
          {
            "height": 64,
            "url": "https://i.scdn.co/image/ab67616d000048510c471c36970b9406233842a5",
            "width": 64
          }
        ],
        "name": "SOS",
        "release_date": "2022-12-08",
        "release_date_precision": "day",
        "total_tracks": 23,
        "type": "album",
        "uri": "spotify:album:1nrVofqDRs7cpWXJ49qTnP"
      },
      "artists": [
        {
          "external_urls": {
            "spotify": "https://open.spotify.com/artist/7tYKF4w9nC0nq9CsPZTHyP"
          },
          "href": "https://api.spotify.com/v1/artists/7tYKF4w9nC0nq9CsPZTHyP",
          "id": "7tYKF4w9nC0nq9CsPZTHyP",
          "name": "SZA",
          "type": "artist",
          "uri": "spotify:artist:7tYKF4w9nC0nq9CsPZTHyP"
        }
      ],
      "disc_number": 1,
      "duration_ms": 153946,
      "episode": false,
      "explicit": false,
      "external_ids": {
        "isrc": "USRC12204584"
      },
      "external_urls": {
        "spotify": "https://open.spotify.com/track/1Qrg8KqiBpW07V7PNxwwwL"
      },
      "href": "https://api.spotify.com/v1/tracks/1Qrg8KqiBpW07V7PNxwwwL",
      "id": "1Qrg8KqiBpW07V7PNxwwwL",
      "is_local": false,
      "is_playable": true,
      "name": "Kill Bill",
      "popularity": 84,
      "preview_url": "https://p.scdn.co/mp3-preview/5cacf7f0687a3e682fe6f49030fadb7d022881f1?cid=d8a5ed958d274c2e8ee717e6a4b0971d",
      "track": true,
      "track_number": 2,
      "type": "track",
      "uri": "spotify:track:1Qrg8KqiBpW07V7PNxwwwL"
    },
    "video_thumbnail": {
      "url": null
    }
  }
]
